region,transport_mode,priority,shipment_volume,distance_km,weather,congestion_index,delivery_days
East,Road,Standard,88,588.5,Adverse,0.96,6.61
North,Road,Standard,116,646.9,Normal,0.31,5.57
West,Road,Standard,72,493.7,Normal,0.16,4.44
South,Road,Express,125,353.7,Normal,0.31,3.47
East,Road,Express,155,659.7,Normal,0.49,4.51
South,Road,Standard,124,486.2,Normal,0.09,3.01
North,Rail,Express,125,331.9,Normal,0.58,4.01
West,Road,Express,56,508.5,Normal,0.29,2.93
East,Rail,Express,101,472.1,Normal,0.72,4.46
North,Road,Standard,74,422.3,Normal,0.64,5.08
West,Road,Standard,157,632.2,Normal,0.04,6.04
West,Rail,Standard,108,40.0,Normal,0.89,6.04
North,Road,Standard,102,638.8,Normal,0.7,6.53
North,Road,Standard,126,422.8,Normal,0.05,3.12
North,Road,Express,141,405.3,Adverse,0.61,6.04
South,Road,Standard,129,428.0,Normal,0.6,4.9
South,Rail,Express,91,552.8,Normal,0.13,3.56
East,Rail,Standard,122,278.0,Adverse,0.69,6.28
East,Road,Express,127,478.1,Normal,0.47,4.45
East,Road,Standard,103,674.7,Normal,0.43,7.21
South,Air,Standard,132,637.0,Normal,0.18,3.51
West,Road,Express,91,305.6,Normal,0.11,2.85
South,Road,Express,128,351.0,Normal,0.48,4.38
South,Air,Standard,144,232.0,Normal,0.74,3.16
South,Road,Express,125,240.0,Adverse,0.86,6.06
West,Road,Standard,88,647.2,Normal,0.47,5.91
West,Road,Express,126,663.7,Normal,0.42,5.3
West,Road,Standard,137,274.1,Normal,0.2,3.91
East,Rail,Standard,133,836.8,Normal,0.58,6.26
East,Road,Standard,87,740.2,Normal,0.54,4.57
South,Air,Standard,112,604.6,Normal,0.91,6.02
North,Air,Standard,116,422.2,Normal,0.16,1.43
East,Rail,Standard,200,404.7,Normal,0.74,6.0
West,Road,Standard,134,645.1,Adverse,0.92,7.48
North,Rail,Standard,108,596.4,Normal,0.7,6.08
West,Air,Standard,148,234.1,Normal,0.56,4.07
East,Road,Express,108,541.4,Normal,0.28,5.3
East,Road,Express,115,537.4,Normal,1.0,5.14
West,Road,Standard,161,749.6,Normal,0.09,5.33
North,Rail,Standard,151,346.8,Normal,0.46,5.76
West,Road,Express,124,439.7,Adverse,0.49,5.19
North,Road,Standard,94,466.6,Normal,0.18,4.38
East,Road,Standard,30,465.6,Adverse,0.63,6.51
West,Road,Standard,118,391.9,Normal,0.6,4.42
East,Road,Standard,88,742.8,Adverse,0.12,6.57
North,Road,Standard,145,342.8,Normal,0.34,4.81
East,Rail,Standard,147,405.3,Normal,0.25,4.84
East,Road,Standard,78,324.3,Normal,0.42,5.17
West,Road,Standard,77,449.2,Normal,0.53,3.93
North,Rail,Standard,102,687.3,Normal,0.98,6.08
North,Road,Standard,117,532.2,Normal,0.48,6.0
South,Road,Express,141,633.4,Normal,1.0,4.57
West,Road,Express,76,605.4,Normal,0.8,5.61
West,Road,Express,53,467.1,Normal,0.87,4.03
West,Road,Standard,104,174.5,Normal,0.82,5.13
South,Air,Standard,97,535.0,Normal,0.67,4.37
East,Road,Standard,108,492.6,Adverse,0.96,6.87
East,Road,Standard,152,454.6,Normal,0.39,4.61
South,Road,Standard,96,417.0,Normal,0.4,4.37
West,Road,Standard,140,458.9,Normal,0.86,4.35
East,Air,Standard,104,371.1,Adverse,0.03,4.38
South,Air,Express,125,356.4,Normal,0.41,1.88
South,Road,Standard,136,384.0,Normal,0.84,6.13
North,Air,Standard,108,538.6,Normal,0.36,4.24
South,Road,Standard,64,805.5,Normal,0.01,4.11
West,Road,Express,81,611.8,Normal,0.47,5.02
East,Air,Standard,105,158.6,Normal,0.7,3.29
South,Rail,Standard,66,526.4,Normal,0.56,4.35
West,Road,Standard,71,594.8,Normal,0.94,6.37
South,Road,Standard,94,652.4,Normal,0.04,4.14
North,Air,Standard,80,398.3,Normal,0.44,3.04
North,Road,Express,131,221.0,Normal,0.62,3.9
South,Road,Standard,130,652.8,Normal,0.1,5.13
West,Road,Express,36,421.8,Normal,0.77,4.33
East,Road,Standard,126,836.3,Adverse,0.51,7.09
East,Road,Standard,88,294.6,Adverse,0.46,4.4
West,Air,Express,103,861.0,Adverse,0.19,4.47
East,Road,Standard,150,288.5,Adverse,0.91,6.11
East,Road,Standard,113,853.3,Normal,0.68,5.91
North,Rail,Express,102,544.9,Normal,0.19,4.93
South,Road,Express,85,683.1,Normal,0.62,5.09
West,Road,Express,114,616.7,Normal,0.88,5.74
East,Road,Express,127,710.4,Normal,0.62,4.13
South,Road,Standard,134,575.2,Normal,0.22,3.84
East,Road,Standard,96,668.9,Normal,0.92,6.47
West,Road,Standard,168,312.1,Adverse,0.38,5.05
North,Rail,Standard,108,502.2,Normal,0.16,5.74
West,Road,Standard,164,294.0,Normal,0.61,3.77
South,Road,Standard,114,507.1,Normal,0.83,5.69
North,Road,Standard,161,559.4,Normal,0.2,4.63
West,Rail,Express,159,501.1,Adverse,0.02,3.47
West,Rail,Standard,89,713.5,Normal,0.85,6.74
North,Rail,Express,108,670.6,Adverse,0.16,6.61
West,Rail,Standard,107,633.6,Normal,0.56,6.08
East,Road,Express,134,693.7,Normal,0.0,3.82
East,Road,Standard,87,788.0,Adverse,0.17,6.43
South,Road,Express,79,378.9,Normal,0.35,3.44
East,Road,Standard,201,453.8,Normal,0.96,5.71
East,Air,Standard,135,529.6,Normal,0.43,3.13
South,Road,Standard,147,345.2,Normal,0.82,5.51
North,Rail,Standard,119,428.2,Normal,0.82,6.04
East,Road,Standard,124,238.7,Normal,0.6,4.05
South,Road,Standard,136,299.1,Normal,0.95,4.7
South,Air,Standard,123,759.0,Normal,0.95,5.07
West,Air,Standard,107,467.4,Normal,0.04,2.86
South,Road,Express,105,168.5,Normal,0.48,2.44
North,Road,Standard,155,554.9,Adverse,0.71,6.27
East,Air,Standard,93,439.8,Adverse,0.64,6.93
West,Rail,Standard,133,158.5,Normal,0.38,4.93
South,Air,Express,116,367.7,Normal,0.17,1.71
West,Air,Express,107,452.4,Normal,0.88,3.1
East,Road,Standard,138,545.2,Normal,0.14,3.7
North,Road,Standard,101,396.5,Normal,0.63,4.63
West,Road,Standard,51,706.9,Normal,0.14,4.75
East,Road,Standard,139,462.2,Normal,0.76,5.58
South,Road,Express,118,926.6,Normal,1.0,6.99
East,Air,Standard,124,680.8,Normal,0.83,5.23
North,Road,Standard,146,775.2,Adverse,0.14,4.79
South,Road,Standard,110,741.5,Normal,0.9,5.12
South,Road,Express,151,287.5,Normal,0.16,1.7
North,Road,Standard,105,738.7,Normal,0.97,5.87
South,Road,Standard,177,986.0,Normal,0.08,5.36
West,Rail,Standard,76,824.8,Normal,0.29,5.98
East,Road,Standard,110,575.1,Normal,0.01,2.75
East,Rail,Standard,102,323.6,Normal,0.41,5.11
South,Road,Standard,73,715.2,Normal,0.7,4.29
East,Rail,Standard,80,426.3,Normal,0.6,5.59
East,Air,Standard,109,558.4,Normal,0.84,4.9
North,Rail,Standard,57,675.3,Normal,0.96,6.94
West,Rail,Standard,108,719.9,Normal,0.46,6.59
North,Air,Standard,130,363.3,Normal,0.3,2.57
North,Road,Standard,74,684.4,Adverse,0.35,5.95
South,Road,Standard,84,605.3,Adverse,0.62,6.25
West,Road,Standard,64,461.1,Normal,0.28,4.27
North,Road,Express,93,454.3,Normal,0.32,2.58
South,Road,Standard,101,580.7,Normal,0.57,5.55
West,Air,Standard,82,818.8,Normal,0.84,6.08
South,Road,Express,85,442.2,Normal,0.27,3.57
West,Air,Standard,111,674.6,Normal,0.76,4.05
East,Air,Standard,117,361.8,Normal,0.17,2.68
West,Road,Standard,71,415.4,Normal,0.22,3.4
North,Road,Standard,91,503.3,Normal,0.81,5.4
South,Air,Standard,85,487.5,Normal,0.17,2.26
South,Road,Standard,59,483.6,Normal,0.95,5.46
South,Road,Standard,105,372.4,Normal,0.76,4.82
South,Road,Standard,119,394.9,Normal,0.46,2.88
South,Air,Express,114,430.8,Normal,0.74,4.3
East,Road,Standard,81,624.7,Normal,0.4,6.1
South,Road,Standard,139,568.9,Normal,0.38,4.6
North,Road,Express,131,645.2,Normal,0.05,4.49
North,Road,Express,86,711.2,Normal,0.23,4.28
North,Air,Standard,97,493.2,Normal,0.97,4.98
North,Road,Standard,133,387.7,Normal,0.7,5.4
North,Road,Standard,92,372.4,Normal,0.13,2.85
South,Road,Standard,140,796.8,Normal,0.55,5.95
West,Road,Standard,152,663.6,Normal,0.28,4.84
West,Road,Express,105,778.9,Normal,0.24,4.91
East,Air,Standard,109,714.7,Normal,0.3,4.85
North,Road,Standard,108,481.5,Normal,0.21,3.93
West,Air,Standard,146,599.1,Normal,0.55,2.85
North,Road,Standard,133,529.9,Normal,0.51,4.69
East,Road,Standard,78,903.7,Adverse,0.82,6.43
North,Road,Standard,68,610.6,Normal,0.82,6.18
North,Air,Express,89,793.2,Normal,0.28,3.03
South,Air,Standard,98,530.9,Normal,0.49,4.65
East,Rail,Standard,78,745.7,Normal,0.7,6.22
East,Road,Standard,133,556.7,Adverse,0.72,7.87
East,Air,Standard,110,399.1,Normal,0.86,2.78
North,Road,Express,134,747.8,Normal,0.3,4.51
West,Road,Standard,137,385.9,Adverse,0.94,6.22
West,Road,Express,81,461.7,Normal,0.38,3.61
North,Road,Express,168,651.1,Normal,0.53,5.63
West,Road,Standard,156,583.9,Normal,0.06,3.8
North,Road,Standard,102,438.6,Normal,0.71,5.15
North,Road,Standard,83,521.7,Normal,0.65,5.18
West,Road,Standard,84,750.3,Normal,0.09,5.39
West,Air,Standard,123,385.4,Normal,0.91,3.88
South,Rail,Express,92,54.1,Normal,0.62,3.55
South,Road,Standard,117,699.8,Normal,0.72,4.86
South,Rail,Standard,161,418.1,Normal,0.98,6.55
West,Road,Standard,105,454.6,Normal,0.84,5.76
East,Rail,Standard,97,648.5,Adverse,0.77,5.99
East,Road,Standard,120,429.4,Normal,0.01,3.41
North,Road,Express,117,468.4,Normal,0.44,4.11
North,Rail,Standard,77,712.1,Normal,0.46,5.73
South,Road,Standard,55,624.2,Normal,0.01,4.12
East,Rail,Standard,102,498.4,Normal,0.19,4.42
West,Road,Standard,95,358.7,Normal,0.66,5.43
East,Road,Standard,92,334.9,Normal,0.04,5.63
East,Rail,Standard,108,672.9,Normal,0.75,5.92
North,Road,Express,121,610.4,Normal,0.45,3.77
West,Road,Standard,82,335.3,Normal,0.2,3.76
South,Road,Express,129,551.2,Normal,0.48,4.8
West,Road,Standard,82,127.5,Adverse,0.66,6.53
East,Road,Standard,102,624.3,Normal,0.94,6.14
South,Rail,Express,114,555.3,Normal,0.74,5.44
East,Road,Standard,130,372.2,Adverse,0.49,6.57
West,Road,Standard,145,705.6,Normal,0.57,5.01
North,Road,Standard,121,570.3,Normal,0.21,4.95
East,Road,Standard,106,442.1,Normal,0.49,4.08
South,Air,Standard,120,440.1,Normal,0.3,3.13
North,Road,Standard,120,448.4,Normal,0.25,5.1
South,Road,Standard,89,649.0,Normal,0.15,4.11
South,Road,Standard,108,612.2,Adverse,0.79,6.65
North,Rail,Standard,99,420.6,Normal,0.95,5.34
West,Road,Express,116,280.3,Normal,0.39,2.21
East,Road,Standard,59,458.9,Normal,0.72,5.68
West,Rail,Standard,66,565.2,Normal,0.93,6.0
East,Air,Standard,43,350.8,Normal,0.79,4.29
North,Road,Standard,132,357.5,Normal,0.53,4.38
East,Road,Standard,96,466.8,Normal,0.74,4.78
East,Rail,Standard,108,552.8,Normal,0.24,6.01
South,Rail,Express,50,611.8,Normal,0.35,4.16
South,Rail,Express,124,690.5,Normal,0.83,6.15
West,Road,Standard,115,167.9,Adverse,0.89,5.17
North,Road,Standard,148,680.8,Normal,0.09,4.44
North,Rail,Standard,153,562.4,Normal,0.74,6.23
North,Air,Standard,120,397.3,Normal,0.8,4.81
West,Road,Express,112,644.0,Normal,0.15,3.7
North,Road,Standard,118,129.7,Normal,0.88,4.74
South,Road,Express,106,160.2,Normal,0.78,4.67
South,Road,Standard,100,848.8,Adverse,0.66,6.99
West,Road,Standard,108,256.4,Adverse,0.69,6.66
North,Road,Standard,115,533.3,Normal,0.99,6.8
South,Road,Express,86,293.6,Normal,0.53,4.07
East,Rail,Standard,99,407.7,Normal,0.58,5.72
East,Road,Standard,163,306.3,Normal,0.02,3.67
West,Road,Standard,93,673.7,Adverse,0.77,7.62
North,Air,Express,96,127.8,Normal,0.82,2.19
South,Rail,Standard,122,487.2,Normal,0.21,4.49
West,Road,Standard,81,305.7,Normal,0.77,4.16
East,Rail,Express,97,297.6,Normal,0.55,3.92
West,Road,Standard,65,633.8,Normal,0.47,4.84
West,Air,Express,106,322.7,Normal,0.41,3.52
West,Air,Standard,80,467.5,Normal,0.03,3.19
West,Road,Express,46,573.2,Normal,0.5,4.53
East,Road,Standard,119,503.0,Adverse,0.65,6.03
South,Air,Standard,130,606.6,Normal,0.92,5.43
South,Road,Standard,101,680.4,Adverse,0.36,6.68
East,Road,Standard,163,536.0,Normal,0.52,5.08
West,Air,Standard,57,432.3,Normal,0.31,2.98
South,Air,Standard,61,479.4,Normal,0.36,2.8
East,Air,Standard,110,415.1,Normal,0.41,3.57
North,Road,Standard,136,665.7,Normal,0.64,5.48
East,Air,Standard,104,363.7,Normal,0.72,3.24
North,Rail,Standard,95,553.3,Normal,0.16,5.1
South,Road,Standard,75,609.4,Normal,0.47,4.97
North,Road,Standard,163,363.8,Adverse,0.46,6.38
East,Road,Standard,91,213.4,Normal,0.48,3.59
North,Road,Standard,127,643.1,Adverse,0.15,5.51
East,Air,Express,115,508.9,Normal,0.68,2.88
West,Rail,Standard,65,473.6,Normal,0.69,6.14
North,Air,Standard,133,488.3,Normal,0.96,4.87
West,Air,Standard,88,523.4,Normal,0.98,3.85
South,Rail,Express,120,561.5,Normal,0.24,4.32
West,Road,Standard,124,473.1,Normal,0.16,3.96
West,Road,Standard,102,378.0,Normal,0.12,4.11
West,Road,Standard,160,582.0,Normal,0.39,4.19
East,Road,Standard,150,618.5,Normal,0.99,6.29
West,Road,Standard,106,375.9,Normal,0.27,4.42
North,Air,Express,134,145.0,Normal,0.65,1.87
North,Road,Standard,147,679.3,Normal,0.61,6.59
North,Road,Standard,163,648.7,Normal,0.09,3.94
East,Road,Express,100,632.0,Normal,0.02,3.45
North,Rail,Standard,171,413.0,Normal,0.63,6.06
South,Rail,Express,82,703.0,Normal,0.27,5.13
South,Road,Express,73,574.4,Normal,0.01,2.6
North,Air,Standard,129,438.0,Normal,0.11,2.99
East,Road,Standard,80,361.8,Normal,0.35,3.52
North,Road,Standard,160,795.1,Normal,0.61,5.61
East,Air,Standard,52,526.4,Normal,0.02,2.02
West,Road,Standard,109,493.4,Normal,0.47,6.02
West,Air,Express,128,325.2,Normal,0.07,2.85
East,Air,Standard,58,631.3,Normal,0.74,4.74
West,Road,Express,140,458.4,Normal,0.16,2.63
East,Road,Standard,64,810.1,Normal,0.93,5.92
West,Road,Express,118,527.4,Normal,0.73,6.33
West,Road,Standard,115,588.0,Normal,0.95,5.67
East,Road,Standard,115,347.3,Normal,0.36,3.89
North,Air,Standard,134,280.0,Normal,0.74,4.51
West,Road,Express,133,328.4,Normal,0.73,2.98
West,Road,Express,84,403.8,Normal,0.51,2.49
South,Road,Standard,80,257.8,Normal,0.27,4.32
South,Road,Standard,111,297.4,Normal,0.34,3.09
South,Road,Express,58,256.7,Normal,0.53,3.84
South,Road,Express,148,567.2,Normal,0.72,5.32
North,Rail,Standard,103,637.8,Adverse,0.76,7.47
West,Road,Express,179,351.5,Normal,0.5,4.76
South,Road,Standard,126,758.8,Adverse,0.19,5.75
South,Road,Standard,90,569.7,Normal,0.76,4.6
East,Air,Express,78,505.5,Normal,0.16,2.25
West,Rail,Standard,147,543.3,Normal,0.63,5.92
South,Road,Standard,10,809.2,Normal,0.98,5.83
North,Road,Standard,95,618.2,Normal,0.74,6.31
East,Road,Standard,172,697.4,Normal,0.76,4.87
East,Rail,Standard,106,1039.9,Normal,0.92,7.76
South,Road,Standard,129,453.5,Normal,0.86,6.58
East,Road,Standard,108,459.9,Normal,0.58,5.65
West,Air,Express,125,580.6,Normal,0.71,4.43
South,Road,Express,83,323.8,Normal,0.8,5.06
South,Road,Standard,111,379.6,Adverse,0.34,5.94
East,Rail,Express,146,349.0,Normal,0.8,5.57
South,Road,Standard,108,817.8,Adverse,0.37,6.75
West,Rail,Standard,113,591.5,Normal,0.4,3.68
North,Road,Standard,146,418.3,Normal,0.33,4.49
South,Road,Standard,141,346.2,Normal,0.38,2.64
East,Road,Standard,115,623.8,Adverse,0.17,4.79
North,Rail,Express,84,667.5,Normal,0.97,5.94
West,Rail,Standard,76,428.7,Normal,0.78,6.57
South,Road,Standard,115,667.3,Normal,0.66,4.63
South,Road,Standard,110,389.8,Normal,0.87,3.75
North,Air,Standard,161,715.8,Normal,0.66,3.74
North,Air,Standard,205,593.1,Normal,0.96,3.72
East,Road,Standard,159,452.0,Adverse,0.98,6.99
North,Road,Standard,94,254.9,Normal,0.18,2.66
East,Road,Standard,100,512.8,Normal,0.37,4.81
East,Road,Standard,61,586.7,Normal,0.88,6.5
North,Road,Standard,117,834.4,Normal,0.04,5.01
West,Road,Standard,117,417.2,Normal,0.88,5.35
West,Road,Standard,138,471.1,Normal,0.35,5.4
South,Road,Standard,81,343.6,Normal,0.59,4.94
East,Road,Standard,118,585.5,Normal,0.56,5.54
North,Road,Standard,109,454.8,Normal,0.74,5.5
South,Rail,Standard,139,318.3,Normal,0.04,2.52
East,Rail,Standard,65,438.4,Normal,0.33,4.6
North,Road,Express,148,444.1,Normal,0.87,5.62
East,Road,Standard,110,340.0,Normal,0.2,3.31
North,Road,Standard,107,543.1,Adverse,0.69,7.07
North,Air,Standard,71,380.6,Normal,0.81,3.62
South,Road,Standard,102,403.9,Normal,0.29,4.3
North,Road,Express,117,483.4,Normal,0.96,3.76
West,Rail,Standard,100,196.6,Normal,0.1,3.42
West,Air,Standard,113,521.4,Normal,0.31,3.45
North,Air,Express,73,423.0,Normal,0.67,3.2
East,Road,Express,107,349.9,Normal,0.59,2.99
East,Road,Standard,79,821.2,Normal,0.15,3.82
West,Road,Express,51,569.7,Normal,0.83,5.26
North,Road,Express,65,348.7,Normal,0.79,4.66
West,Road,Standard,99,221.7,Adverse,0.58,6.14
East,Road,Standard,119,357.7,Normal,0.53,5.58
West,Road,Standard,110,727.8,Normal,0.65,6.38
South,Road,Standard,149,96.4,Normal,0.13,3.75
West,Road,Express,118,565.6,Adverse,0.48,6.01
West,Air,Standard,110,289.8,Normal,0.92,4.04
South,Road,Standard,93,528.6,Normal,0.48,4.93
North,Rail,Standard,124,894.4,Normal,0.72,7.29
South,Rail,Express,106,698.3,Normal,0.44,5.73
West,Road,Express,51,556.4,Normal,0.03,4.59
East,Rail,Express,106,443.8,Normal,0.45,4.83
West,Rail,Standard,107,628.9,Adverse,0.72,7.96
West,Road,Standard,104,334.3,Normal,0.34,5.01
West,Rail,Express,192,306.9,Normal,0.41,4.36
West,Road,Express,127,502.8,Normal,0.73,4.05
East,Road,Standard,134,816.5,Normal,0.13,4.85
East,Road,Standard,128,545.3,Normal,0.79,5.49
North,Air,Standard,95,702.6,Normal,0.71,4.29
East,Road,Express,116,384.3,Normal,0.81,3.76
East,Rail,Express,117,515.2,Normal,0.09,4.75
West,Air,Standard,118,232.8,Normal,0.3,3.79
East,Air,Standard,87,522.6,Normal,0.71,3.62
East,Road,Standard,119,377.5,Adverse,0.3,6.87
North,Road,Standard,99,711.6,Normal,0.02,3.5
North,Road,Standard,72,614.4,Normal,0.32,5.14
North,Road,Standard,78,604.2,Normal,0.59,5.6
West,Rail,Standard,96,712.0,Normal,0.58,5.68
North,Rail,Standard,106,424.7,Adverse,0.97,8.33
North,Rail,Standard,69,78.5,Normal,0.5,4.58
East,Road,Express,61,172.4,Normal,0.73,3.76
South,Road,Standard,78,485.6,Normal,0.84,4.76
West,Road,Standard,92,252.7,Normal,0.32,2.54
South,Road,Standard,154,342.2,Normal,0.51,3.8
North,Road,Standard,123,367.9,Normal,0.06,4.49
East,Road,Standard,40,524.5,Normal,0.72,4.26
South,Air,Standard,92,40.0,Normal,0.74,2.73
West,Air,Standard,112,593.7,Normal,0.55,3.7
East,Road,Express,140,579.8,Normal,0.61,3.53
West,Road,Standard,105,461.1,Normal,0.72,5.03
West,Air,Express,162,451.9,Normal,0.93,3.68
South,Road,Express,87,804.6,Normal,0.43,4.68
West,Rail,Standard,171,484.5,Adverse,0.96,8.28
West,Road,Standard,98,40.0,Normal,0.53,4.17
South,Road,Standard,107,709.4,Normal,0.44,6.58
East,Air,Standard,120,265.5,Normal,0.43,4.12
North,Road,Standard,93,483.4,Normal,0.64,5.28
West,Road,Standard,76,768.1,Normal,0.92,6.49
North,Road,Express,122,298.5,Normal,0.91,4.29
South,Road,Standard,116,421.2,Normal,0.69,5.47
East,Road,Standard,157,594.4,Normal,0.12,4.18
North,Rail,Express,136,439.1,Normal,0.78,5.27
East,Rail,Standard,91,610.5,Normal,0.74,6.94
East,Road,Standard,126,385.3,Normal,0.8,5.99
North,Road,Standard,85,397.2,Normal,0.51,5.31
North,Rail,Standard,59,467.5,Normal,0.57,5.44
West,Road,Standard,101,453.7,Normal,0.78,5.39
West,Rail,Standard,90,558.1,Normal,0.64,5.15
East,Road,Express,87,650.5,Normal,0.79,3.74
North,Rail,Express,136,722.7,Normal,0.03,4.54
West,Road,Standard,106,247.1,Normal,0.47,5.28
West,Air,Standard,79,417.4,Normal,0.68,2.3
South,Road,Standard,92,492.3,Normal,0.68,4.46
South,Air,Standard,114,671.5,Normal,0.68,5.2
South,Road,Standard,44,643.5,Normal,0.88,6.27
South,Rail,Express,120,309.2,Adverse,0.37,5.71
South,Road,Standard,113,849.9,Normal,0.95,6.68
South,Road,Standard,120,460.0,Normal,0.84,6.35
North,Rail,Express,146,916.1,Adverse,0.61,7.03
North,Road,Standard,145,347.4,Adverse,0.56,5.89
West,Air,Express,92,386.9,Adverse,0.63,3.89
West,Road,Standard,140,772.4,Normal,0.87,5.4
West,Road,Standard,112,414.8,Normal,0.47,5.99
East,Road,Express,71,507.9,Normal,0.31,3.34
East,Rail,Standard,106,702.5,Normal,0.66,5.3
East,Road,Express,102,596.6,Normal,0.98,5.59
South,Rail,Standard,121,867.4,Normal,0.45,4.86
South,Air,Standard,83,380.9,Normal,0.49,3.59
South,Road,Standard,82,536.7,Normal,0.81,4.31
West,Rail,Standard,116,371.8,Normal,0.32,4.88
North,Road,Standard,85,633.2,Normal,0.36,5.04
North,Rail,Standard,93,671.9,Normal,0.4,4.75
East,Road,Standard,86,592.6,Normal,0.41,5.32
East,Air,Standard,117,305.4,Normal,0.24,3.37
North,Air,Standard,113,589.7,Normal,0.42,4.15
West,Rail,Standard,94,321.2,Normal,0.87,4.89
East,Road,Standard,20,365.6,Normal,0.58,5.71
East,Air,Standard,127,418.1,Normal,0.53,3.56
West,Rail,Standard,78,518.5,Normal,0.25,6.18
East,Road,Standard,110,579.8,Normal,0.5,5.26
North,Road,Express,91,361.8,Normal,0.06,3.91
South,Rail,Express,51,450.5,Normal,0.44,5.05
East,Air,Standard,122,836.3,Normal,0.34,3.63
North,Road,Standard,90,462.2,Adverse,0.96,7.71
East,Road,Standard,103,563.7,Normal,0.76,5.07
North,Road,Standard,109,372.3,Normal,0.02,3.25
North,Rail,Standard,176,896.4,Adverse,0.76,7.54
East,Road,Standard,91,366.2,Adverse,0.8,6.72
East,Rail,Standard,97,455.1,Normal,0.96,6.51
South,Rail,Standard,86,436.2,Normal,0.5,5.63
North,Road,Standard,97,439.9,Normal,0.8,3.97
South,Road,Express,114,633.8,Adverse,0.2,6.45
South,Road,Express,98,433.9,Normal,0.58,4.46
East,Road,Standard,111,597.0,Normal,0.17,4.76
South,Road,Standard,105,829.8,Normal,0.38,5.42
North,Road,Standard,103,286.1,Adverse,0.26,5.0
North,Rail,Standard,101,399.5,Normal,0.85,6.28
North,Rail,Standard,181,303.5,Normal,0.22,5.54
West,Road,Express,83,485.5,Normal,0.9,3.9
West,Road,Standard,107,382.2,Adverse,0.7,6.5
East,Air,Standard,78,569.9,Normal,0.26,3.36
South,Road,Express,127,40.0,Normal,0.38,3.08
West,Road,Express,127,643.9,Normal,0.64,3.81
East,Road,Standard,103,351.3,Normal,0.49,4.41
South,Air,Standard,78,513.8,Normal,0.36,4.02
East,Road,Standard,129,97.4,Normal,0.01,4.03
South,Road,Standard,145,682.4,Normal,0.78,6.03
West,Road,Standard,59,93.9,Normal,0.66,5.38
East,Rail,Standard,84,223.6,Normal,0.36,4.64
West,Air,Express,103,497.3,Adverse,0.87,5.23
South,Road,Standard,106,273.5,Adverse,0.71,5.28
North,Rail,Express,108,321.7,Normal,0.45,4.6
East,Air,Standard,128,825.9,Normal,0.41,4.01
South,Rail,Standard,98,534.8,Normal,0.09,5.68
North,Road,Standard,106,381.6,Normal,0.76,4.03
South,Road,Express,128,348.0,Normal,0.11,1.55
South,Road,Express,99,584.3,Normal,0.14,2.36
East,Road,Standard,153,583.5,Normal,0.38,5.53
West,Road,Express,114,390.5,Normal,0.79,4.12
North,Air,Express,141,91.5,Normal,0.99,3.01
South,Road,Express,120,322.5,Normal,0.9,4.27
South,Rail,Express,135,40.0,Normal,0.66,4.69
North,Road,Standard,114,252.2,Normal,0.94,4.16
South,Road,Express,118,543.2,Normal,0.83,4.26
South,Road,Standard,127,696.1,Normal,0.46,5.11
North,Road,Standard,101,671.9,Adverse,0.28,6.72
South,Road,Standard,161,546.2,Normal,0.57,4.81
South,Air,Express,94,620.5,Normal,0.53,3.56
North,Air,Express,151,175.9,Normal,0.04,2.01
East,Road,Standard,105,556.0,Normal,0.12,4.48
South,Rail,Express,142,126.0,Normal,0.12,3.0
East,Road,Express,130,265.0,Normal,0.55,3.89
South,Road,Standard,153,483.5,Adverse,0.83,6.59
South,Road,Standard,204,836.2,Normal,0.2,4.27
West,Air,Standard,191,353.0,Normal,0.95,3.98
South,Road,Standard,105,290.5,Normal,0.72,3.95
South,Road,Express,120,565.5,Normal,0.09,4.24
West,Road,Standard,94,597.9,Normal,0.47,4.72
South,Road,Standard,123,253.7,Normal,0.53,3.06
South,Road,Standard,79,493.4,Normal,0.3,4.78
North,Road,Express,128,329.9,Normal,0.85,5.45
South,Road,Standard,73,595.2,Adverse,0.02,4.87
West,Road,Standard,161,542.3,Normal,0.4,5.27
North,Air,Standard,104,492.7,Normal,0.76,3.16
South,Road,Standard,78,449.3,Normal,0.25,4.03
North,Road,Standard,99,548.7,Adverse,0.12,5.56
North,Air,Standard,118,316.7,Adverse,0.52,4.62
South,Air,Express,80,779.8,Normal,0.06,3.28
North,Road,Express,162,852.2,Normal,0.83,5.77
West,Road,Standard,126,640.6,Adverse,0.53,7.19
East,Road,Express,96,293.9,Normal,0.83,4.67
North,Road,Express,75,804.0,Adverse,0.37,6.27
East,Road,Standard,119,235.0,Normal,0.27,3.43
